{
  "integrations": [
    {
      "id": "2eaa83c6-6913-4803-a6b8-88c8359772c2",
      "name": "Post Content - Do Nothing Trigger",
      "action": "RUN_SCRIPT",
      "type": "INBOUND_WEBHOOK",
      "deployed": true,
      "form": "db8bc3a0-e8c2-497f-bd31-a1ed198347ca",
      "environment": "HOSTED",
      "authType": "URL",
      "createdBy": "FLOW",
      "integrationScriptStepUuid": "5e613c64-5af9-4485-8abd-94c0231c9f04"
    }
  ],
  "endpoints": [
    {
      "name": "Confluence",
      "baseUrl": "https://demo.atlassian.net",
      "type": "EXTERNAL",
      "authentication": "BASIC"
    }
  ],
  "constants": []
}