[
  {
    "id": "e720022f-271e-4ba9-b2ae-ce79568d0307",
    "name": "Confluence - Post Content",
    "description": "Posts Content to Atlassian Confluence.",
    "icon": "https://s3-xmatters-static.s3.amazonaws.com/null/customers/aa4ff4cd-06da-460c-b2d0-bb34ad66da69/IMAGE__20200519194150622__confluence.png",
    "script": "var apiRequest = http.request({\n    'endpoint': 'Confluence',\n    'path': '/wiki/rest/api/content',\n    'method': 'POST',\n    'headers': {\n        'Accept': 'application/json',\n        'Content-Type': 'application/json'\n    }\n});\n\nvar requestBody = {\n    \"title\": input['Title'],\n    \"type\": input['Type'],\n    \"space\": {\n        \"key\": input['Space Key']\n    },\n    \"body\": {\n        \"storage\": {\n            \"value\": input['Body'],\n            \"representation\": \"storage\"\n        }\n    }\n}\n\nif (input['Status'] !== undefined) {\n    requestBody[\"status\"] = input['Status'];\n}\n\nif (input['Ancestor ID'] !== undefined) {\n    requestBody[\"ancestors\"] = [{\n        \"id\": input['Ancestor ID']\n    }];\n}\n\nif (input['Draft ID'] !== undefined) {\n    requestBody[\"id\"] = input['Draft ID'];\n}\n\nif (input['Raw Body'] !== undefined) {\n    requestBody['body'] = JSON.parse(input['Raw Body']);\n}\n\nvar apiResponse = apiRequest.write(requestBody);\n\nif (apiResponse.statusCode >= 200 && apiResponse.statusCode < 300) {\n    var responseBody = JSON.parse(apiResponse.body);\n    output['success'] = true\n} else {\n    output['success'] = false\n}\n",
    "endpointAuthType": "BASIC",
    "endpointLabel": "Confluence",
    "allowedEnvironment": "HOSTED",
    "accessibleByAll": "NotShared",
    "scriptStepType": "USER",
    "inputs": [
      {
        "id": "91843337-2415-4fd3-a9f5-2fb6a99ebf7c",
        "name": "Title",
        "helpText": "Title of content",
        "defaultValue": "",
        "multiline": false,
        "required": true,
        "maxLength": 255,
        "minLength": 0,
        "position": 0
      },
      {
        "id": "818b81a5-0d68-46f0-abb2-d6f03becf703",
        "name": "Type",
        "helpText": "The type of the new content. Custom content types defined by apps are also supported. Typical values: page, blogpost, comment, attachment",
        "defaultValue": "page",
        "multiline": false,
        "required": true,
        "maxLength": 2000,
        "minLength": 0,
        "position": 1
      },
      {
        "id": "1447ba49-8533-4085-926e-d40cd15e6612",
        "name": "Space Key",
        "helpText": "Key of Space. Found in Space Settings or in the URL.",
        "defaultValue": "",
        "multiline": false,
        "required": true,
        "maxLength": 2000,
        "minLength": 0,
        "position": 2
      },
      {
        "id": "c2773fa0-c71c-4822-8fbf-4a0e2ffe1c17",
        "name": "Body",
        "helpText": "The body of the new content.",
        "defaultValue": "",
        "multiline": true,
        "required": true,
        "maxLength": 20000,
        "minLength": 0,
        "position": 3
      },
      {
        "id": "a229c4ae-b2e1-49d2-9dcf-faa0152427c3",
        "name": "Status",
        "helpText": "The status of the new content.",
        "multiline": false,
        "required": false,
        "maxLength": 2000,
        "minLength": 0,
        "position": 4
      },
      {
        "id": "4a8c931f-01d8-4384-acd4-97df79aae6ff",
        "name": "Ancestor ID",
        "helpText": "The parent content id of the new content.",
        "defaultValue": "",
        "multiline": false,
        "required": false,
        "maxLength": 2000,
        "minLength": 0,
        "position": 5
      },
      {
        "id": "12f3684b-9668-4ed0-a38e-98642ed1c517",
        "name": "Draft ID",
        "helpText": "The ID of the draft content. Required when publishing a draft.",
        "defaultValue": "",
        "multiline": false,
        "required": false,
        "maxLength": 2000,
        "minLength": 0,
        "position": 6
      },
      {
        "id": "002b2588-ed9a-4b27-9b1c-ec0fa7d840d8",
        "name": "Raw Body",
        "helpText": "Overrides Body input. Gives more freedom over the contents of the body.",
        "multiline": true,
        "required": false,
        "maxLength": 20000,
        "minLength": 0,
        "position": 7
      }
    ],
    "outputs": [
      {
        "id": "ceb1230c-e3c1-4c31-b175-226bbf37228d",
        "name": "success",
        "position": 0
      }
    ],
    "libraries": []
  },
  {
    "id": "5e613c64-5af9-4485-8abd-94c0231c9f04",
    "name": "Do Nothing Trigger",
    "description": "Just triggers a flow",
    "icon": "/static/images/script_steps/http-trigger.png",
    "script": "//",
    "endpointLabel": "",
    "allowedEnvironment": "HOSTED",
    "accessibleByAll": "NotShared",
    "scriptStepType": "CUSTOM_HTTP",
    "inputs": [],
    "outputs": [
      {
        "id": "c2d88124-ccdc-40d3-a200-8b03e31348e1",
        "name": "Data",
        "description": "",
        "position": 0
      }
    ],
    "libraries": []
  }
]