[
  {
    "id": "d70c2b8b-dcc0-4c3a-9ccf-c6101194f233",
    "name": "Confluence - Create Page",
    "description": "Posts Content to Atlassian Confluence.",
    "icon": "https://s3-xmatters-static.s3.amazonaws.com/null/customers/aa4ff4cd-06da-460c-b2d0-bb34ad66da69/IMAGE__20200519194150622__confluence.png",
    "script": "var apiRequest = http.request({\n    'endpoint': 'Confluence',\n    'path': '/wiki/rest/api/content',\n    'method': 'POST',\n    'headers': {\n        'Accept': 'application/json',\n        'Content-Type': 'application/json'\n    }\n});\n\nvar requestBody = {\n    \"title\": input['Title'],\n    \"type\": \"page\",\n    \"space\": {\n        \"key\": input['Space Key']\n    },\n    \"body\": {\n        \"storage\": {\n            \"value\": input['Body'],\n            \"representation\": \"storage\"\n        }\n    }\n}\n\nif (input['Status'] !== undefined) {\n    requestBody[\"status\"] = input['Status'];\n}\n\nif (input['Ancestor ID'] !== undefined) {\n    requestBody[\"ancestors\"] = [{\n        \"id\": input['Ancestor ID']\n    }];\n}\n\nif (input['Draft ID'] !== undefined) {\n    requestBody[\"id\"] = input['Draft ID'];\n}\n\nif (input['Raw Body'] !== undefined) {\n    requestBody['body'] = JSON.parse(input['Raw Body']);\n}\n\nvar apiResponse = apiRequest.write(requestBody);\n\nif (apiResponse.statusCode >= 200 && apiResponse.statusCode < 300) {\n    var responseBody = JSON.parse(apiResponse.body);\n    output['success'] = true\n    output['ID'] = responseBody.id;\n    output['json'] = responseBody;\n} else {\n    output['success'] = false\n}\n",
    "endpointAuthType": "BASIC",
    "endpointLabel": "Confluence",
    "allowedEnvironment": "HOSTED",
    "accessibleByAll": "NotShared",
    "scriptStepType": "USER",
    "inputs": [
      {
        "id": "0503f6e7-5454-4487-a32e-6cd958369ec0",
        "name": "Title",
        "helpText": "Title of content",
        "defaultValue": "",
        "multiline": false,
        "required": true,
        "maxLength": 255,
        "minLength": 0,
        "position": 0
      },
      {
        "id": "0a0f1e60-e90c-4151-bba8-16edb5672840",
        "name": "Space Key",
        "helpText": "Key of Space. Found in Space Settings or in the URL.",
        "defaultValue": "",
        "multiline": false,
        "required": true,
        "maxLength": 2000,
        "minLength": 0,
        "position": 1
      },
      {
        "id": "85466479-4812-4c05-b8df-c778ad1c7156",
        "name": "Body",
        "helpText": "The body of the new content.",
        "defaultValue": "",
        "multiline": true,
        "required": true,
        "maxLength": 20000,
        "minLength": 0,
        "position": 2
      },
      {
        "id": "6740ca56-389c-4a88-b33a-6a3a33d907ab",
        "name": "Status",
        "helpText": "The status of the new content.",
        "multiline": false,
        "required": false,
        "maxLength": 2000,
        "minLength": 0,
        "position": 3
      },
      {
        "id": "a0c77021-e271-4b5a-9700-553d681c02c9",
        "name": "Ancestor ID",
        "helpText": "The parent content id of the new content.",
        "defaultValue": "",
        "multiline": false,
        "required": false,
        "maxLength": 2000,
        "minLength": 0,
        "position": 4
      },
      {
        "id": "d7ba1742-36a8-4e6b-bf71-9aea1dc1ec4a",
        "name": "Draft ID",
        "helpText": "The ID of the draft content. Required when publishing a draft.",
        "defaultValue": "",
        "multiline": false,
        "required": false,
        "maxLength": 2000,
        "minLength": 0,
        "position": 5
      },
      {
        "id": "649fe72b-4a0d-4a54-9574-6aa4088ebd27",
        "name": "Raw Body",
        "helpText": "Overrides Body input. Gives more freedom over the contents of the body.",
        "multiline": true,
        "required": false,
        "maxLength": 20000,
        "minLength": 0,
        "position": 6
      }
    ],
    "outputs": [
      {
        "id": "502884e8-3f0d-4c9c-a662-803e4c615a18",
        "name": "success",
        "position": 0
      },
      {
        "id": "217fcd1f-3c50-4571-92f9-e1597a8f151f",
        "name": "ID",
        "position": 1
      },
      {
        "id": "1a877a80-40e7-4413-91fa-8fd285b425b0",
        "name": "json",
        "position": 2
      }
    ],
    "libraries": []
  },
  {
    "id": "f97efaa1-7ea1-42a6-baf4-e08684323bb1",
    "name": "Confluence - Get Page",
    "description": "Posts Content to Atlassian Confluence.",
    "icon": "https://s3-xmatters-static.s3.amazonaws.com/null/customers/aa4ff4cd-06da-460c-b2d0-bb34ad66da69/IMAGE__20200519194150622__confluence.png",
    "script": "if (typeof(input['ID']) != \"undefined\") {\n    // Get content by ID\n    var apiRequest = http.request({\n        'endpoint': 'Confluence',\n        'path': '/wiki/rest/api/content/' + input['ID'] + \"?expand=body.storage\",\n        'method': 'GET',\n        'headers': {\n            'Accept': 'application/json',\n            'Content-Type': 'application/json'\n        }\n    });\n\n    var apiResponse = apiRequest.write();\n\n    if (apiResponse.statusCode >= 200 && apiResponse.statusCode < 300) {\n        var responseBody = JSON.parse(apiResponse.body);\n        output['success'] = true;\n        output['json'] = responseBody;\n        output['ID'] = responseBody.id;\n        output['URL'] = responseBody['_links'].base + responseBody['_links'].webui;\n        output['body'] = responseBody.body.storage.value;\n    } else {\n        output['success'] = false;\n    }\n} else if (typeof(input['Title']) != \"undefined\" && typeof(input['Space']) != \"undefined\") {\n    // Get Content by Title\n    var apiRequest = http.request({\n        'endpoint': 'Confluence',\n        'path': '/wiki/rest/api/content?expand=body.storage&spaceKey=' + input['Space'] + '&title=' + encodeURIComponent(input['Title']),\n        'method': 'GET',\n        'headers': {\n            'Accept': 'application/json',\n            'Content-Type': 'application/json'\n        }\n    });\n\n    var apiResponse = apiRequest.write();\n\n    if (apiResponse.statusCode >= 200 && apiResponse.statusCode < 300) {\n        var responseBody = JSON.parse(apiResponse.body);\n        output['success'] = true;\n        output['json'] = responseBody;\n        output['ID'] = responseBody.results[0].id;\n        output['URL'] = responseBody['_links'].base + responseBody.results[0]['_links'].webui;\n        output['body'] = responseBody.results[0].body.storage.value;\n    } else {\n        output['success'] = false;\n    }\n    \n} else {\n    output['success'] = false;\n    console.log(\"ERROR: Include either an ID or Title\");\n}",
    "endpointAuthType": "BASIC",
    "endpointLabel": "Confluence",
    "allowedEnvironment": "HOSTED",
    "accessibleByAll": "NotShared",
    "scriptStepType": "USER",
    "inputs": [
      {
        "id": "60c2cc5d-8898-4f5e-aca0-1ee89482515b",
        "name": "ID",
        "helpText": "The ID of the content to be returned. If this is unknown, use the Title and Space inputs.",
        "defaultValue": "",
        "multiline": false,
        "required": false,
        "maxLength": 2000,
        "minLength": 0,
        "position": 0
      },
      {
        "id": "640b4817-34e5-4175-af05-7cad95140ff7",
        "name": "Space",
        "helpText": "Key of Space. Found in Space Settings or in the URL",
        "defaultValue": "",
        "multiline": false,
        "required": false,
        "maxLength": 2000,
        "minLength": 0,
        "position": 1
      },
      {
        "id": "c9e01d68-c190-4724-af5c-05dbeac3180e",
        "name": "Title",
        "helpText": "Title of the content",
        "defaultValue": "",
        "multiline": false,
        "required": false,
        "maxLength": 2000,
        "minLength": 0,
        "position": 2
      }
    ],
    "outputs": [
      {
        "id": "f83b86cd-0601-4416-9d47-340e8fa3c05e",
        "name": "success",
        "position": 0
      },
      {
        "id": "513c8b7e-0df5-4663-9daf-3bb48c6c23fe",
        "name": "ID",
        "position": 1
      },
      {
        "id": "21b78ef5-65d8-423e-9f8a-b432802d13c4",
        "name": "json",
        "position": 2
      },
      {
        "id": "73178f30-2926-4c08-9c0a-714733939585",
        "name": "body",
        "position": 3
      },
      {
        "id": "11876ed9-b278-4d10-b4ec-91450a52b268",
        "name": "URL",
        "position": 4
      }
    ],
    "libraries": []
  },
  {
    "id": "7661a0b7-ae65-494c-a66b-eb46fcb9ae72",
    "name": "Confluence - Post Comment",
    "description": "Posts Content to Atlassian Confluence.",
    "icon": "https://s3-xmatters-static.s3.amazonaws.com/null/customers/aa4ff4cd-06da-460c-b2d0-bb34ad66da69/IMAGE__20200519194150622__confluence.png",
    "script": "var apiRequest = http.request({\n    'endpoint': 'Confluence',\n    'path': '/wiki/rest/api/content',\n    'method': 'POST',\n    'headers': {\n        'Accept': 'application/json',\n        'Content-Type': 'application/json'\n    }\n});\n\nvar requestBody = {\n    \"type\": \"comment\",\n    \"container\": {\n        \"id\": input['Parent ID'],\n        \"type\": \"page\",\n        \"status\": \"current\"\n    },\n    \"body\": {\n        \"storage\": {\n            \"value\": input['Body'],\n            \"representation\": \"storage\"\n        }\n    }\n}\n\nvar apiResponse = apiRequest.write(requestBody);\n\nif (apiResponse.statusCode >= 200 && apiResponse.statusCode < 300) {\n    var responseBody = JSON.parse(apiResponse.body);\n    output['success'] = true\n    output['ID'] = responseBody.id;\n    output['json'] = responseBody;\n} else {\n    output['success'] = false\n}\n",
    "endpointAuthType": "BASIC",
    "endpointLabel": "Confluence",
    "allowedEnvironment": "HOSTED",
    "accessibleByAll": "NotShared",
    "scriptStepType": "USER",
    "inputs": [
      {
        "id": "d66021f9-36df-4f70-9f76-ca28a9e14419",
        "name": "Parent ID",
        "helpText": "ID of content that comment is on",
        "defaultValue": "",
        "multiline": false,
        "required": true,
        "maxLength": 2000,
        "minLength": 0,
        "position": 0
      },
      {
        "id": "32dc4413-c129-47bf-8ed7-7f0f3fbcda3d",
        "name": "Body",
        "helpText": "Comment Body",
        "defaultValue": "",
        "multiline": true,
        "required": true,
        "maxLength": 20000,
        "minLength": 0,
        "position": 1
      }
    ],
    "outputs": [
      {
        "id": "622d8a40-a644-4ce4-8b5f-b88538c6aae1",
        "name": "success",
        "position": 0
      },
      {
        "id": "60136688-842b-4746-b726-e5860655a87b",
        "name": "ID",
        "position": 1
      },
      {
        "id": "24caf9ba-a75a-43b2-816d-ff5b9e125cb8",
        "name": "json",
        "position": 2
      }
    ],
    "libraries": []
  }
]