{
  "name": "Post Content",
  "form": "db8bc3a0-e8c2-497f-bd31-a1ed198347ca",
  "blocks": [
    {
      "id": "f992c6d8-5a96-4fe3-81cf-0dd021e594c0",
      "endpoint": "Confluence",
      "label": "Confluence - Post Content",
      "environment": "HOSTED",
      "presentation": "{\"w\":60,\"x\":170,\"h\":60,\"y\":0}",
      "step": "e720022f-271e-4ba9-b2ae-ce79568d0307",
      "stepType": "SCRIPT_STEP",
      "inputMappings": [
        {
          "inputPort": "input",
          "mapping": "This is a title asdf asfd",
          "stepInput": "91843337-2415-4fd3-a9f5-2fb6a99ebf7c"
        },
        {
          "inputPort": "input",
          "mapping": "page",
          "stepInput": "818b81a5-0d68-46f0-abb2-d6f03becf703"
        },
        {
          "inputPort": "input",
          "mapping": "MID",
          "stepInput": "1447ba49-8533-4085-926e-d40cd15e6612"
        },
        {
          "inputPort": "input",
          "mapping": "hello world",
          "stepInput": "c2773fa0-c71c-4822-8fbf-4a0e2ffe1c17"
        },
        {
          "inputPort": "input",
          "mapping": "801931265",
          "stepInput": "4a8c931f-01d8-4384-acd4-97df79aae6ff"
        }
      ]
    },
    {
      "id": "832c4120-78ae-4ad7-bee2-443145d5cb11",
      "label": "Post Content - Do Nothing Trigger",
      "environment": "HOSTED",
      "presentation": "{\"w\":60,\"x\":0,\"h\":60,\"y\":0}",
      "step": "2eaa83c6-6913-4803-a6b8-88c8359772c2",
      "stepType": "INTEGRATION"
    }
  ],
  "edges": [
    {
      "fromBlock": "832c4120-78ae-4ad7-bee2-443145d5cb11",
      "fromPort": "output",
      "toBlock": "f992c6d8-5a96-4fe3-81cf-0dd021e594c0",
      "toPort": "input"
    }
  ]
}