{
  "name": "Post Content",
  "form": "db8bc3a0-e8c2-497f-bd31-a1ed198347ca",
  "blocks": [
    {
      "id": "865c63ef-6aee-43de-992c-f04555b6dbc3",
      "label": "Confluence - Create Page",
      "environment": "HOSTED",
      "presentation": "{\"w\":60,\"x\":220,\"h\":60,\"y\":40}",
      "step": "d70c2b8b-dcc0-4c3a-9ccf-c6101194f233",
      "stepType": "SCRIPT_STEP"
    },
    {
      "id": "dfcab892-6899-47ba-a71d-0122e4589511",
      "endpoint": "Confluence",
      "label": "Confluence - Get Page",
      "environment": "HOSTED",
      "presentation": "{\"w\":60,\"x\":220,\"h\":60,\"y\":260}",
      "step": "f97efaa1-7ea1-42a6-baf4-e08684323bb1",
      "stepType": "SCRIPT_STEP",
      "inputMappings": [
        {
          "inputPort": "input",
          "mapping": "876216330",
          "stepInput": "60c2cc5d-8898-4f5e-aca0-1ee89482515b"
        }
      ]
    },
    {
      "id": "101d63a5-9f4c-4c23-b539-74f472fa0184",
      "endpoint": "Confluence",
      "label": "Confluence - Post Comment",
      "environment": "HOSTED",
      "presentation": "{\"w\":60,\"x\":220,\"h\":60,\"y\":480}",
      "step": "7661a0b7-ae65-494c-a66b-eb46fcb9ae72",
      "stepType": "SCRIPT_STEP",
      "inputMappings": [
        {
          "inputPort": "input",
          "mapping": "${dfcab892-6899-47ba-a71d-0122e4589511.ID}",
          "stepInput": "d66021f9-36df-4f70-9f76-ca28a9e14419"
        },
        {
          "inputPort": "input",
          "mapping": "this is a comment",
          "stepInput": "32dc4413-c129-47bf-8ed7-7f0f3fbcda3d"
        }
      ]
    }
  ]
}